caption,image_file
house,image(1).jpg
house,image(2).jpg
house,image(3).jpg
house,image(4).jpg
house,image(5).jpg
house,image(6).jpg
house,image(7).jpg
house,image(8).jpg
house,image(9).jpg
house,image(10).jpg
house,image(11).jpg
house,image(12).jpg
house,image(13).jpg
house,image(14).jpg
house,image(15).jpg
house,image(16).jpg
house,image(17).jpg
house,image(18).jpg
house,image(19).jpg
house,image(20).jpg
house,image(21).jpg
house,image(22).jpg
house,image(23).jpg
house,image(24).jpg
house,image(25).jpg
house,image(26).jpg
house,image(27).jpg
house,image(28).jpg
house,image(29).jpg
human,image(30).jpg
human,image(31).jpg
human,image(32).jpg
human,image(33).jpg
human,image(34).jpg
human,image(35).jpg
human,image(36).jpg
human,image(37).jpg
human,image(38).jpg
human,image(39).jpg
human,image(40).jpg
human,image(41).jpg
human,image(42).jpg
human,image(43).jpg
human,image(44).jpg
human,image(45).jpg
human,image(46).jpg
human,image(47).jpg
human,image(48).jpg
man,image(49).jpg
man,image(50).jpg
man,image(51).jpg
man,image(52).jpg
man,image(53).jpg
man,image(54).jpg
man,image(55).jpg
man,image(56).jpg
man,image(57).jpg
man,image(58).jpg
man,image(59).jpg
man,image(60).jpg
man,image(61).jpg
man,image(62).jpg
man,image(63).jpg
earth,image(64).jpg
earth,image(65).jpg
earth,image(66).jpg
earth,image(67).jpg
earth,image(68).jpg
earth,image(69).jpg
earth,image(70).jpg
earth,image(71).jpg
earth,image(72).jpg
earth,image(73).jpg
earth,image(74).jpg
earth,image(75).jpg
earth,image(76).jpg
earth,image(77).jpg
earth,image(78).jpg
earth,image(79).jpg
earth,image(80).jpg
earth,image(81).jpg
earth,image(82).jpg
earth,image(83).jpg
earth,image(84).jpg
earth,image(85).jpg
earth,image(86).jpg
earth,image(87).jpg
earth,image(88).jpg
earth,image(89).jpg
earth,image(90).jpg
earth,image(91).jpg
earth,image(92).jpg
earth,image(93).jpg
earth,image(94).jpg
earth,image(95).jpg
earth,image(96).jpg
earth,image(97).jpg
earth,image(98).jpg
earth,image(99).jpg
earth,image(100).jpg
earth,image(101).jpg
earth,image(102).jpg
earth,image(103).jpg
earth,image(104).jpg
earth,image(105).jpg
earth,image(106).jpg
earth,image(107).jpg
earth,image(108).jpg
earth,image(109).jpg
earth,image(110).jpg
earth,image(111).jpg
earth,image(112).jpg
earth,image(113).jpg
earth,image(114).jpg
earth,image(115).jpg
earth,image(116).jpg
earth,image(117).jpg
earth,image(118).jpg
earth,image(119).jpg
earth,image(120).jpg
earth,image(121).jpg
earth,image(122).jpg
earth,image(123).jpg
earth,image(124).jpg
earth,image(125).jpg
earth,image(126).jpg
earth,image(127).jpg
plane,image(128).jpg
plane,image(129).jpg
plane,image(130).jpg
plane,image(131).jpg
plane,image(132).jpg
plane,image(133).jpg
plane,image(134).jpg
plane,image(135).jpg
plane,image(136).jpg
plane,image(137).jpg
plane,image(138).jpg
plane,image(139).jpg
plane,image(140).jpg
plane,image(141).jpg
plane,image(142).jpg
plane,image(143).jpg
